X,Y,Red,Green,Blue
571,18,58,72,101
572,18,56,70,98
573,18,52,65,91
574,18,49,62,87
575,18,50,64,91
576,18,58,67,96
577,18,58,68,95
578,18,58,68,95
579,18,58,68,95
580,18,61,69,94
581,18,60,69,95
582,18,58,69,99
583,18,60,71,104
584,18,63,73,108
585,18,63,73,109
586,18,65,76,115
587,18,62,72,108
588,18,59,69,99
589,18,59,69,95
590,18,61,70,93
591,18,62,71,93
592,18,63,71,97
593,18,60,71,106
594,18,65,74,115
595,18,65,74,115
596,18,61,71,106
597,18,63,73,110
598,18,64,73,113
599,18,65,74,114
600,18,68,75,116
601,18,68,74,115
602,18,65,74,113
603,18,67,74,114
604,18,67,74,114
605,18,63,73,111
606,18,69,77,112
607,18,73,78,117
608,18,73,77,119
609,18,72,77,116
610,18,70,79,111
611,18,70,77,114
612,18,73,76,119
613,18,73,77,119
614,18,71,79,111
615,18,71,79,110
616,18,71,79,110
617,18,71,79,110
618,18,72,77,113
619,18,74,79,119
620,18,73,83,119
621,18,74,78,120
622,18,74,76,119
623,18,74,77,120
624,18,73,82,119
625,18,77,83,116
626,18,78,82,116
627,18,76,83,117
628,18,76,84,118
629,18,76,83,117
630,18,79,82,115
631,18,74,84,117
632,18,79,82,114
633,18,80,81,114
634,18,80,84,120
635,18,79,85,125
636,18,80,85,122
637,18,81,84,117
638,18,80,83,114
639,18,82,86,118
640,18,81,84,116
641,18,79,89,119
642,18,80,90,120
643,18,80,93,121
644,18,84,93,122
645,18,84,92,123
646,18,82,95,122
647,18,87,90,124
648,18,87,90,123
649,18,86,91,123
571,19,53,68,98
572,19,52,67,95
573,19,47,61,87
574,19,44,58,83
575,19,47,60,88
576,19,54,64,93
577,19,54,64,94
578,19,54,64,93
579,19,54,64,94
580,19,57,65,91
581,19,56,65,91
582,19,55,66,97
583,19,58,68,104
584,19,56,67,101
585,19,59,70,107
586,19,64,73,117
587,19,61,70,110
588,19,57,67,103
589,19,57,67,97
590,19,60,70,92
591,19,61,70,90
592,19,59,68,95
593,19,56,68,103
594,19,59,70,111
595,19,57,64,98
596,19,55,62,95
597,19,58,67,106
598,19,61,70,110
599,19,63,70,112
600,19,64,71,114
601,19,62,71,113
602,19,61,70,110
603,19,63,70,112
604,19,62,70,111
605,19,58,68,108
606,19,65,73,109
607,19,65,67,102
608,19,65,65,101
609,19,66,69,107
610,19,67,74,110
611,19,67,75,109
612,19,70,73,117
613,19,70,73,117
614,19,70,73,116
615,19,68,74,110
616,19,67,76,107
617,19,67,76,107
618,19,68,74,111
619,19,70,73,116
620,19,68,73,112
621,19,63,68,96
622,19,66,68,106
623,19,69,78,114
624,19,70,80,116
625,19,73,80,114
626,19,74,80,115
627,19,72,80,116
628,19,72,80,115
629,19,73,80,115
630,19,76,79,113
631,19,76,79,112
632,19,72,80,115
633,19,75,79,113
634,19,72,78,111
635,19,69,74,108
636,19,70,73,105
637,19,73,76,106
638,19,77,81,114
639,19,77,82,115
640,19,76,86,116
641,19,76,87,117
642,19,76,87,118
643,19,77,88,119
644,19,77,89,119
645,19,80,90,120
646,19,82,89,121
647,19,79,91,120
648,19,85,88,122
649,19,78,89,119
571,20,53,68,98
572,20,53,67,97
573,20,49,62,89
574,20,45,58,84
575,20,47,60,88
576,20,54,64,93
577,20,54,64,93
578,20,54,64,93
579,20,54,64,93
580,20,55,65,94
581,20,55,65,95
582,20,56,67,101
583,20,59,70,106
584,20,58,69,104
585,20,59,70,107
586,20,62,72,115
587,20,61,70,111
588,20,58,68,107
589,20,58,68,103
590,20,58,68,99
591,20,56,62,84
592,20,49,49,63
593,20,43,39,49
594,20,42,34,40
595,20,41,32,37
596,20,41,32,37
597,20,43,36,44
598,20,47,44,60
599,20,55,58,87
600,20,63,69,110
601,20,64,71,113
602,20,62,71,111
603,20,68,72,116
604,20,65,71,113
605,20,58,67,107
606,20,51,51,68
607,20,44,36,43
608,20,43,33,38
609,20,44,35,43
610,20,47,40,50
611,20,50,46,60
612,20,60,59,89
613,20,69,72,115
614,20,70,73,117
615,20,70,73,115
616,20,68,74,110
617,20,67,76,107
618,20,68,74,110
619,20,64,65,99
620,20,48,43,53
621,20,42,33,37
622,20,43,35,39
623,20,46,38,47
624,20,49,43,55
625,20,57,56,76
626,20,68,72,101
627,20,72,80,115
628,20,73,80,115
629,20,75,79,114
630,20,76,79,113
631,20,77,77,111
632,20,65,64,88
633,20,54,49,64
634,20,47,40,47
635,20,44,35,40
636,20,44,35,38
637,20,46,37,41
638,20,51,44,53
639,20,60,58,75
640,20,73,81,109
641,20,75,86,116
642,20,80,87,120
643,20,79,87,119
644,20,77,89,119
645,20,80,90,120
646,20,84,88,122
647,20,83,88,121
648,20,83,88,121
649,20,81,88,120
571,21,55,68,101
572,21,55,68,100
573,21,50,64,91
574,21,48,61,86
575,21,48,62,91
576,21,54,64,94
577,21,54,64,93
578,21,54,64,93
579,21,54,64,93
580,21,54,64,94
581,21,55,65,98
582,21,56,68,102
583,21,58,68,104
584,21,58,68,104
585,21,58,68,104
586,21,61,70,112
587,21,61,71,112
588,21,59,68,107
589,21,57,65,100
590,21,51,54,78
591,21,44,39,47
592,21,40,29,29
593,21,37,25,21
594,21,40,26,20
595,21,52,39,32
596,21,49,36,29
597,21,40,26,21
598,21,38,26,25
599,21,43,35,42
600,21,53,52,75
601,21,62,68,108
602,21,65,72,115
603,21,68,74,117
604,21,67,73,116
605,21,57,62,95
606,21,44,36,41
607,21,41,27,23
608,21,44,31,24
609,21,41,29,22
610,21,36,23,19
611,21,38,27,26
612,21,45,35,43
613,21,65,66,104
614,21,70,73,117
615,21,69,74,113
616,21,68,76,109
617,21,68,76,107
618,21,66,71,104
619,21,57,54,78
620,21,38,25,22
621,21,43,29,23
622,21,45,32,25
623,21,38,24,20
624,21,37,25,22
625,21,41,31,33
626,21,56,54,73
627,21,69,76,110
628,21,71,77,116
629,21,73,79,114
630,21,71,73,109
631,21,56,53,70
632,21,46,37,43
633,21,39,28,26
634,21,40,27,22
635,21,48,35,28
636,21,52,39,32
637,21,43,30,25
638,21,37,24,20
639,21,43,33,33
640,21,51,46,55
641,21,67,72,95
642,21,77,85,115
643,21,80,88,120
644,21,78,89,119
645,21,78,89,119
646,21,80,88,120
647,21,83,88,121
648,21,82,89,122
649,21,84,88,121
571,22,56,68,102
572,22,55,68,100
573,22,50,64,91
574,22,48,59,84
575,22,48,61,90
576,22,54,64,93
577,22,54,64,93
578,22,54,64,93
579,22,54,64,93
580,22,54,64,94
581,22,55,65,98
582,22,56,68,102
583,22,56,67,103
584,22,56,67,103
585,22,56,68,103
586,22,60,70,110
587,22,61,71,112
588,22,59,67,106
589,22,51,53,78
590,22,42,35,43
591,22,41,28,24
592,22,62,49,42
593,22,103,94,84
594,22,132,124,113
595,22,143,136,124
596,22,140,134,122
597,22,121,113,102
598,22,80,69,60
599,22,46,34,28
600,22,42,33,39
601,22,56,55,82
602,22,67,71,115
603,22,67,73,115
604,22,66,70,110
605,22,49,45,61
606,22,39,27,26
607,22,45,32,25
608,22,95,85,75
609,22,131,124,112
610,22,102,92,82
611,22,48,35,28
612,22,37,23,19
613,22,62,61,93
614,22,70,74,118
615,22,68,76,110
616,22,68,75,110
617,22,67,73,105
618,22,59,60,84
619,22,45,37,45
620,22,38,24,18
621,22,57,44,37
622,22,132,125,113
623,22,124,116,105
624,22,71,59,51
625,22,41,28,21
626,22,49,43,55
627,22,66,70,104
628,22,70,78,116
629,22,68,76,110
630,22,55,54,74
631,22,41,30,30
632,22,45,32,26
633,22,84,74,65
634,22,119,111,100
635,22,138,131,119
636,22,141,135,122
637,22,132,124,113
638,22,105,96,86
639,22,61,49,42
640,22,37,25,19
641,22,50,44,51
642,22,68,75,98
643,22,79,86,118
644,22,79,89,120
645,22,77,89,119
646,22,78,88,119
647,22,81,88,120
648,22,83,89,122
649,22,83,89,122
571,23,55,68,101
572,23,54,68,100
573,23,51,64,92
574,23,47,59,83
575,23,47,60,88
576,23,54,64,93
577,23,54,64,93
578,23,54,64,93
579,23,54,64,93
580,23,55,65,96
581,23,56,66,100
582,23,56,68,102
583,23,56,68,102
584,23,56,67,103
585,23,56,67,103
586,23,60,70,110
587,23,61,70,112
588,23,55,61,92
589,23,43,38,47
590,23,42,30,25
591,23,75,63,55
592,23,136,129,117
593,23,183,179,164
594,23,182,178,163
595,23,167,162,148
596,23,174,169,155
597,23,192,189,174
598,23,158,152,139
599,23,86,75,66
600,23,40,27,23
601,23,46,39,51
602,23,62,67,107
603,23,62,65,98
604,23,53,50,70
605,23,39,28,28
606,23,41,29,22
607,23,82,71,62
608,23,164,159,145
609,23,219,218,201
610,23,170,165,151
611,23,52,39,32
612,23,37,23,20
613,23,63,62,96
614,23,70,74,118
615,23,68,76,110
616,23,65,71,102
617,23,59,58,82
618,23,47,39,48
619,23,38,26,21
620,23,54,41,34
621,23,112,104,93
622,23,216,214,198
623,23,214,213,196
624,23,100,90,80
625,23,43,30,23
626,23,50,44,57
627,23,67,71,106
628,23,69,78,113
629,23,62,66,92
630,23,41,30,31
631,23,41,28,22
632,23,101,92,82
633,23,160,154,141
634,23,170,165,151
635,23,156,150,137
636,23,152,146,133
637,23,168,163,149
638,23,177,173,159
639,23,138,131,119
640,23,64,52,44
641,23,40,27,22
642,23,56,54,66
643,23,73,79,106
644,23,79,89,120
645,23,77,90,120
646,23,77,88,119
647,23,80,87,119
648,23,85,88,122
649,23,82,89,123
571,24,55,68,101
572,24,56,68,102
573,24,53,66,95
574,24,49,61,86
575,24,47,60,88
576,24,54,64,94
577,24,54,64,93
578,24,54,64,93
579,24,54,64,93
580,24,55,66,99
581,24,56,67,103
582,24,56,67,102
583,24,56,68,102
584,24,56,67,103
585,24,56,67,103
586,24,60,70,111
587,24,61,70,112
588,24,48,47,66
589,24,38,28,28
590,24,67,56,48
591,24,143,136,124
592,24,206,204,188
593,24,176,172,158
594,24,98,88,78
595,24,68,56,48
596,24,80,69,60
597,24,157,151,138
598,24,203,200,185
599,24,138,131,119
600,24,50,37,30
601,24,42,32,37
602,24,57,61,91
603,24,52,47,63
604,24,37,23,20
605,24,52,39,32
606,24,87,77,68
607,24,152,146,133
608,24,203,201,185
609,24,220,219,202
610,24,170,165,151
611,24,37,23,17
612,24,37,24,22
613,24,65,70,110
614,24,70,74,118
615,24,68,76,110
616,24,58,60,80
617,24,44,35,40
618,24,43,30,24
619,24,67,56,48
620,24,114,106,95
621,24,187,184,169
622,24,219,217,201
623,24,220,219,202
624,24,88,78,69
625,24,36,23,17
626,24,52,49,65
627,24,69,76,114
628,24,66,74,105
629,24,52,50,65
630,24,37,23,17
631,24,73,61,53
632,24,186,182,167
633,24,179,175,160
634,24,106,97,86
635,24,51,38,32
636,24,44,31,24
637,24,78,67,59
638,24,149,143,130
639,24,211,209,192
640,24,133,125,114
641,24,52,39,32
642,24,42,33,33
643,24,65,67,87
644,24,79,89,120
645,24,77,90,120
646,24,77,88,119
647,24,80,87,119
648,24,85,88,122
649,24,81,88,122
571,25,57,68,104
572,25,58,69,105
573,25,55,67,97
574,25,50,62,87
575,25,47,60,88
576,25,54,64,93
577,25,54,64,94
578,25,54,64,93
579,25,54,64,94
580,25,55,66,98
581,25,56,67,101
582,25,56,67,101
583,25,56,67,101
584,25,56,67,103
585,25,56,67,103
586,25,61,71,112
587,25,61,71,113
588,25,44,39,49
589,25,36,23,18
590,25,100,91,81
591,25,185,181,166
592,25,185,181,167
593,25,96,86,76
594,25,35,21,15
595,25,35,21,15
596,25,35,21,15
597,25,101,92,82
598,25,185,181,167
599,25,158,153,139
600,25,70,58,50
601,25,41,30,33
602,25,53,54,77
603,25,40,28,29
604,25,35,21,16
605,25,93,83,74
606,25,179,175,161
607,25,182,178,164
608,25,189,185,170
609,25,213,212,195
610,25,164,159,146
611,25,35,21,16
612,25,38,26,25
613,25,62,71,113
614,25,69,74,118
615,25,69,75,111
616,25,51,47,59
617,25,37,25,22
618,25,62,50,42
619,25,133,126,115
620,25,202,199,183
621,25,167,162,148
622,25,210,208,192
623,25,213,211,195
624,25,85,75,66
625,25,36,23,18
626,25,53,52,68
627,25,70,80,116
628,25,63,68,96
629,25,43,34,38
630,25,41,27,21
631,25,142,136,123
632,25,209,207,191
633,25,116,108,97
634,25,51,38,31
635,25,39,26,25
636,25,40,29,28
637,25,38,25,21
638,25,62,50,43
639,25,188,184,169
640,25,208,206,190
641,25,76,65,56
642,25,39,26,20
643,25,59,57,71
644,25,79,89,120
645,25,77,90,119
646,25,77,88,119
647,25,80,87,119
648,25,84,88,122
649,25,79,85,118
571,26,55,68,98
572,26,59,69,107
573,26,60,68,105
574,26,53,65,92
575,26,47,60,88
576,26,54,64,93
577,26,54,64,93
578,26,54,64,94
579,26,54,64,94
580,26,55,67,98
581,26,55,66,98
582,26,54,64,95
583,26,55,65,97
584,26,56,67,103
585,26,56,68,103
586,26,61,71,112
587,26,60,70,112
588,26,45,41,55
589,26,37,25,22
590,26,55,42,35
591,26,108,99,89
592,26,130,123,111
593,26,44,30,24
594,26,35,21,15
595,26,35,21,15
596,26,36,22,16
597,26,104,95,85
598,26,186,183,168
599,26,158,152,139
600,26,69,57,49
601,26,41,31,34
602,26,54,55,81
603,26,43,33,38
604,26,36,22,17
605,26,82,71,62
606,26,161,156,143
607,26,104,95,85
608,26,127,119,108
609,26,208,206,190
610,26,164,158,145
611,26,35,21,16
612,26,39,27,26
613,26,68,70,111
614,26,70,74,118
615,26,70,73,117
616,26,53,50,67
617,26,39,28,27
618,26,57,44,37
619,26,118,110,99
620,26,166,161,148
621,26,58,45,38
622,26,197,194,178
623,26,211,209,193
624,26,85,74,65
625,26,36,23,19
626,26,53,50,68
627,26,70,76,116
628,26,61,64,90
629,26,37,25,22
630,26,44,30,24
631,26,191,188,173
632,26,210,208,192
633,26,85,74,65
634,26,36,23,18
635,26,56,51,69
636,26,65,66,92
637,26,47,39,44
638,26,49,36,30
639,26,128,120,109
640,26,217,216,199
641,26,117,109,98
642,26,52,39,32
643,26,52,47,55
644,26,78,88,119
645,26,77,89,119
646,26,78,88,119
647,26,82,88,121
648,26,82,89,122
649,26,79,86,118
571,27,54,69,102
572,27,59,69,107
573,27,59,68,106
574,27,52,61,93
575,27,50,58,85
576,27,53,64,94
577,27,53,64,94
578,27,54,67,98
579,27,55,66,99
580,27,56,66,100
581,27,55,66,97
582,27,53,65,94
583,27,54,65,96
584,27,56,67,100
585,27,56,67,101
586,27,61,71,112
587,27,61,71,113
588,27,55,60,91
589,27,44,38,49
590,27,37,24,21
591,27,39,25,19
592,27,40,27,20
593,27,35,22,16
594,27,35,21,15
595,27,35,21,15
596,27,48,34,28
597,27,155,149,136
598,27,211,209,193
599,27,140,133,121
600,27,48,35,28
601,27,42,32,37
602,27,61,64,99
603,27,59,62,94
604,27,39,27,26
605,27,38,25,19
606,27,46,33,26
607,27,41,28,22
608,27,118,110,99
609,27,206,204,188
610,27,164,158,145
611,27,35,21,16
612,27,39,27,26
613,27,66,73,116
614,27,70,74,118
615,27,70,74,117
616,27,65,67,102
617,27,50,43,58
618,27,37,24,20
619,27,41,28,21
620,27,47,34,28
621,27,44,31,24
622,27,192,189,174
623,27,210,208,192
624,27,85,74,65
625,27,36,23,19
626,27,54,51,68
627,27,71,78,117
628,27,60,61,87
629,27,36,22,16
630,27,48,35,28
631,27,211,209,193
632,27,200,198,182
633,27,80,69,61
634,27,38,26,24
635,27,57,55,75
636,27,70,75,108
637,27,55,53,65
638,27,45,31,25
639,27,101,92,82
640,27,216,214,198
641,27,147,141,129
642,27,62,50,42
643,27,47,41,44
644,27,77,90,119
645,27,79,89,121
646,27,81,88,122
647,27,79,90,119
648,27,83,88,121
649,27,84,88,123
571,28,52,73,103
572,28,56,72,106
573,28,60,69,108
574,28,55,63,97
575,28,50,57,84
576,28,52,62,91
577,28,53,64,94
578,28,54,67,98
579,28,57,67,103
580,28,58,68,106
581,28,57,67,103
582,28,55,66,99
583,28,56,67,100
584,28,56,67,100
585,28,56,67,101
586,28,58,68,107
587,28,61,70,112
588,28,60,69,109
589,28,57,64,99
590,28,46,41,53
591,28,35,21,15
592,28,35,21,15
593,28,37,23,17
594,28,50,37,30
595,28,96,86,77
596,28,164,159,146
597,28,208,206,190
598,28,173,168,154
599,28,91,81,72
600,28,37,23,17
601,28,44,35,43
602,28,69,72,116
603,28,67,73,118
604,28,60,60,89
605,28,42,32,37
606,28,37,24,19
607,28,35,21,15
608,28,116,107,97
609,28,203,201,185
610,28,164,158,145
611,28,35,21,16
612,28,39,27,26
613,28,67,73,117
614,28,70,75,118
615,28,68,77,113
616,28,68,75,113
617,28,64,68,100
618,28,51,47,63
619,28,38,25,23
620,28,36,22,16
621,28,43,30,23
622,28,188,185,170
623,28,209,208,191
624,28,85,74,65
625,28,36,23,19
626,28,54,50,68
627,28,71,77,117
628,28,61,62,89
629,28,36,22,17
630,28,44,31,24
631,28,196,194,178
632,28,211,209,192
633,28,85,75,66
634,28,36,23,18
635,28,52,47,61
636,28,62,63,89
637,28,50,45,56
638,28,42,28,22
639,28,85,74,65
640,28,215,213,197
641,28,164,159,145
642,28,67,56,48
643,28,45,37,39
644,28,77,90,119
645,28,79,89,121
646,28,83,89,123
647,28,82,88,122
648,28,80,86,119
649,28,85,88,124
571,29,51,74,103
572,29,55,74,106
573,29,60,72,110
574,29,55,64,98
575,29,49,57,83
576,29,50,59,88
577,29,53,65,96
578,29,55,67,99
579,29,57,68,104
580,29,59,68,107
581,29,58,68,104
582,29,56,67,102
583,29,58,68,105
584,29,58,68,104
585,29,56,67,100
586,29,56,66,101
587,29,59,68,107
588,29,59,69,107
589,29,59,68,104
590,29,47,45,61
591,29,35,21,15
592,29,64,52,44
593,29,145,139,127
594,29,175,171,157
595,29,191,188,173
596,29,212,211,194
597,29,177,173,158
598,29,105,96,86
599,29,52,39,32
600,29,35,21,15
601,29,43,33,39
602,29,66,67,107
603,29,68,76,123
604,29,68,72,113
605,29,62,63,95
606,29,43,33,37
607,29,35,21,15
608,29,114,106,95
609,29,201,199,183
610,29,164,158,145
611,29,35,21,16
612,29,39,27,26
613,29,67,73,117
614,29,70,75,118
615,29,69,76,116
616,29,68,76,113
617,29,68,75,113
618,29,66,69,104
619,29,54,51,71
620,29,35,21,15
621,29,43,30,23
622,29,185,182,167
623,29,209,207,191
624,29,85,74,65
625,29,36,23,19
626,29,53,50,68
627,29,71,78,117
628,29,63,66,94
629,29,40,30,30
630,29,42,28,22
631,29,159,154,140
632,29,212,210,194
633,29,120,112,101
634,29,53,40,33
635,29,39,28,27
636,29,42,32,35
637,29,39,27,26
638,29,47,34,27
639,29,116,107,97
640,29,217,215,199
641,29,168,164,150
642,29,69,57,49
643,29,44,36,37
644,29,77,90,119
645,29,79,90,121
646,29,83,89,123
647,29,83,88,124
648,29,83,88,122
649,29,84,88,123
571,30,52,74,104
572,30,56,75,109
573,30,59,74,112
574,30,54,68,100
575,30,50,58,85
576,30,50,58,85
577,30,54,67,98
578,30,58,69,106
579,30,58,68,107
580,30,59,69,109
581,30,59,70,109
582,30,59,70,109
583,30,60,70,110
584,30,60,70,109
585,30,58,68,104
586,30,56,65,100
587,30,62,71,105
588,30,64,73,106
589,30,61,69,105
590,30,49,49,70
591,30,38,27,27
592,30,67,55,47
593,30,162,157,143
594,30,223,222,205
595,30,223,222,205
596,30,223,221,205
597,30,199,196,181
598,30,163,158,145
599,30,109,100,90
600,30,57,45,37
601,30,39,28,28
602,30,54,51,73
603,30,69,76,123
604,30,70,75,118
605,30,70,75,117
606,30,48,41,52
607,30,36,23,20
608,30,112,104,93
609,30,199,196,181
610,30,164,158,145
611,30,35,21,16
612,30,39,27,26
613,30,66,73,117
614,30,70,75,118
615,30,70,77,117
616,30,69,76,115
617,30,69,77,116
618,30,70,76,117
619,30,61,62,92
620,30,38,26,25
621,30,43,29,23
622,30,182,178,164
623,30,208,206,190
624,30,85,74,65
625,30,36,23,19
626,30,54,51,68
627,30,71,78,116
628,30,66,70,103
629,30,49,43,55
630,30,38,24,18
631,30,89,79,70
632,30,194,191,176
633,30,182,178,163
634,30,118,110,99
635,30,71,60,52
636,30,58,46,39
637,30,72,61,53
638,30,117,108,97
639,30,184,181,166
640,30,221,220,203
641,30,160,155,142
642,30,66,54,47
643,30,45,38,40
644,30,77,90,119
645,30,79,90,121
646,30,83,89,123
647,30,83,89,123
648,30,84,88,123
649,30,83,88,122
571,31,52,74,104
572,31,56,75,109
573,31,56,75,110
574,31,54,71,103
575,31,51,61,89
576,31,49,57,83
577,31,54,67,98
578,31,60,70,110
579,31,60,70,110
580,31,61,70,112
581,31,62,71,114
582,31,62,71,115
583,31,61,71,112
584,31,60,70,109
585,31,59,69,107
586,31,62,71,103
587,31,67,75,106
588,31,64,73,106
589,31,60,70,106
590,31,52,56,84
591,31,42,36,43
592,31,54,41,34
593,31,115,107,96
594,31,166,161,147
595,31,140,133,121
596,31,138,131,119
597,31,157,151,138
598,31,194,191,176
599,31,184,180,165
600,31,111,102,92
601,31,42,28,24
602,31,43,34,41
603,31,66,71,114
604,31,70,75,118
605,31,70,75,117
606,31,49,43,57
607,31,37,25,22
608,31,112,103,92
609,31,199,196,180
610,31,165,160,146
611,31,35,21,16
612,31,38,26,25
613,31,66,73,116
614,31,70,75,118
615,31,70,76,117
616,31,70,77,117
617,31,70,77,117
618,31,70,77,118
619,31,62,64,96
620,31,40,29,30
621,31,43,29,23
622,31,180,176,162
623,31,209,207,191
624,31,85,75,66
625,31,36,23,18
626,31,55,51,68
627,31,73,79,117
628,31,70,77,112
629,31,60,61,84
630,31,38,26,24
631,31,44,31,24
632,31,117,109,98
633,31,170,166,152
634,31,171,166,152
635,31,154,149,136
636,31,145,138,126
637,31,142,136,124
638,31,151,145,132
639,31,179,175,161
640,31,220,219,202
641,31,142,135,123
642,31,60,48,40
643,31,48,42,47
644,31,77,90,119
645,31,79,89,121
646,31,83,89,123
647,31,83,89,122
648,31,82,87,121
649,31,81,87,120
571,32,54,74,106
572,32,56,75,109
573,32,57,76,109
574,32,56,74,107
575,32,53,66,97
576,32,49,58,85
577,32,53,67,98
578,32,58,71,108
579,32,59,71,110
580,32,60,71,112
581,32,62,71,115
582,32,62,72,115
583,32,62,72,112
584,32,62,73,109
585,32,64,74,107
586,32,66,77,109
587,32,65,74,107
588,32,61,69,106
589,32,57,64,98
590,32,53,56,82
591,32,44,39,50
592,32,42,29,22
593,32,65,53,45
594,32,80,69,61
595,32,48,35,29
596,32,46,33,26
597,32,69,57,49
598,32,142,136,123
599,32,200,198,182
600,32,160,155,141
601,32,60,48,40
602,32,39,28,28
603,32,59,60,94
604,32,71,74,118
605,32,71,74,118
606,32,50,44,58
607,32,37,25,23
608,32,111,103,92
609,32,199,197,181
610,32,167,162,148
611,32,35,21,15
612,32,38,26,24
613,32,67,72,115
614,32,69,75,120
615,32,70,74,118
616,32,70,76,117
617,32,70,77,117
618,32,70,76,118
619,32,62,64,96
620,32,40,29,30
621,32,43,29,23
622,32,180,176,162
623,32,212,210,193
624,32,86,76,66
625,32,36,22,17
626,32,54,51,68
627,32,72,79,118
628,32,73,80,119
629,32,68,73,107
630,32,51,46,60
631,32,39,27,25
632,32,45,33,26
633,32,91,81,72
634,32,127,119,108
635,32,145,139,127
636,32,147,141,128
637,32,129,121,110
638,32,108,99,89
639,32,151,145,132
640,32,219,217,201
641,32,113,105,94
642,32,50,38,31
643,32,52,49,57
644,32,77,91,120
645,32,80,89,121
646,32,83,88,123
647,32,82,88,122
648,32,79,86,119
649,32,79,86,119
571,33,56,74,108
572,33,58,76,110
573,33,61,79,112
574,33,60,77,111
575,33,55,70,103
576,33,47,61,89
577,33,50,65,96
578,33,55,71,104
579,33,56,72,106
580,33,58,71,110
581,33,60,70,113
582,33,62,71,114
583,33,65,76,114
584,33,68,80,112
585,33,67,79,107
586,33,62,77,110
587,33,60,70,109
588,33,56,63,98
589,33,50,50,71
590,33,45,41,53
591,33,41,32,37
592,33,35,22,17
593,33,37,25,22
594,33,38,27,27
595,33,42,34,39
596,33,41,31,34
597,33,37,24,20
598,33,89,78,69
599,33,173,168,154
600,33,178,174,159
601,33,86,76,67
602,33,38,26,25
603,33,55,52,78
604,33,73,74,120
605,33,73,74,120
606,33,49,44,59
607,33,37,25,22
608,33,112,103,93
609,33,202,199,183
610,33,169,164,151
611,33,35,21,15
612,33,37,24,22
613,33,67,71,112
614,33,68,76,122
615,33,69,74,118
616,33,70,73,116
617,33,70,76,116
618,33,70,76,117
619,33,62,62,95
620,33,40,29,30
621,33,43,29,23
622,33,181,177,163
623,33,215,213,196
624,33,87,76,67
625,33,35,22,16
626,33,53,50,67
627,33,71,78,117
628,33,72,79,119
629,33,73,79,119
630,33,67,73,107
631,33,51,47,58
632,33,43,33,36
633,33,38,26,24
634,33,36,22,18
635,33,37,24,17
636,33,38,24,18
637,33,38,24,18
638,33,67,55,47
639,33,184,180,165
640,33,211,209,193
641,33,81,70,62
642,33,41,28,22
643,33,57,58,70
644,33,78,91,121
645,33,80,90,121
646,33,83,89,122
647,33,82,88,123
648,33,80,87,120
649,33,80,87,120
571,34,56,76,107
572,34,56,73,107
573,34,58,76,110
574,34,60,78,111
575,34,55,71,104
576,34,49,62,91
577,34,52,67,98
578,34,56,72,106
579,34,56,73,107
580,34,59,71,111
581,34,62,71,114
582,34,64,75,115
583,34,68,80,117
584,34,68,80,115
585,34,60,70,107
586,34,59,68,107
587,34,60,70,112
588,34,49,49,70
589,34,39,28,30
590,34,37,23,17
591,34,37,24,17
592,34,37,24,21
593,34,42,33,40
594,34,47,46,61
595,34,58,63,98
596,34,54,53,78
597,34,40,29,31
598,34,77,66,57
599,34,163,158,144
600,34,183,179,165
601,34,96,86,77
602,34,38,26,24
603,34,55,54,77
604,34,76,84,127
605,34,74,84,127
606,34,49,44,57
607,34,37,24,21
608,34,114,106,95
609,34,206,204,188
610,34,171,167,153
611,34,35,21,15
612,34,37,24,21
613,34,66,71,115
614,34,68,76,123
615,34,69,74,118
616,34,70,74,116
617,34,70,74,117
618,34,69,75,119
619,34,61,63,96
620,34,39,28,27
621,34,43,30,23
622,34,186,182,168
623,34,218,216,200
624,34,88,78,68
625,34,35,21,15
626,34,52,49,66
627,34,71,79,118
628,34,73,79,120
629,34,73,79,119
630,34,71,79,118
631,34,73,80,120
632,34,62,63,91
633,34,50,45,58
634,34,40,29,30
635,34,36,22,17
636,34,36,22,16
637,34,51,38,31
638,34,111,102,91
639,34,219,218,201
640,34,172,167,153
641,34,58,45,38
642,34,40,29,27
643,34,64,68,86
644,34,79,91,121
645,34,80,90,121
646,34,83,89,122
647,34,82,88,123
648,34,80,87,119
649,34,80,87,119
571,35,53,73,105
572,35,54,73,106
573,35,58,76,110
574,35,61,79,113
575,35,60,77,113
576,35,56,72,106
577,35,56,72,106
578,35,60,77,113
579,35,61,79,114
580,35,64,77,114
581,35,70,81,116
582,35,71,83,118
583,35,65,77,115
584,35,60,70,111
585,35,60,70,107
586,35,61,70,112
587,35,60,68,108
588,35,42,35,43
589,35,38,24,19
590,35,53,40,33
591,35,55,43,35
592,35,37,24,20
593,35,40,32,36
594,35,48,48,67
595,35,52,50,71
596,35,42,33,39
597,35,37,25,21
598,35,100,91,81
599,35,182,178,163
600,35,175,171,156
601,35,81,70,61
602,35,38,27,26
603,35,60,64,89
604,35,80,92,132
605,35,77,93,133
606,35,47,43,54
607,35,36,23,19
608,35,120,112,101
609,35,212,210,194
610,35,172,168,154
611,35,37,23,17
612,35,37,24,20
613,35,66,71,114
614,35,68,76,123
615,35,69,74,118
616,35,70,77,116
617,35,69,78,120
618,35,69,77,121
619,35,61,64,91
620,35,38,25,23
621,35,44,31,24
622,35,195,193,177
623,35,220,219,202
624,35,90,79,70
625,35,36,22,16
626,35,52,48,65
627,35,70,78,116
628,35,70,78,117
629,35,70,78,117
630,35,70,77,116
631,35,73,79,119
632,35,72,78,118
633,35,64,66,96
634,35,49,42,54
635,35,39,27,24
636,35,43,29,23
637,35,91,81,72
638,35,194,191,176
639,35,212,211,194
640,35,96,87,77
641,35,44,31,24
642,35,50,46,53
643,35,70,77,100
644,35,79,91,121
645,35,80,90,121
646,35,83,89,122
647,35,82,88,123
648,35,79,87,120
649,35,80,87,119
571,36,55,73,106
572,36,56,73,108
573,36,56,73,108
574,36,58,75,110
575,36,61,78,114
576,36,60,77,113
577,36,56,73,106
578,36,60,77,113
579,36,72,85,115
580,36,76,88,118
581,36,72,85,122
582,36,66,77,122
583,36,62,73,115
584,36,60,70,109
585,36,60,70,113
586,36,61,70,112
587,36,57,62,97
588,36,41,33,38
589,36,55,43,35
590,36,128,121,109
591,36,143,136,124
592,36,57,44,37
593,36,35,22,16
594,36,36,23,18
595,36,36,23,18
596,36,35,22,16
597,36,60,48,40
598,36,153,148,135
599,36,213,211,195
600,36,154,148,135
601,36,48,35,28
602,36,40,30,30
603,36,70,76,111
604,36,80,89,131
605,36,75,86,126
606,36,46,39,46
607,36,39,25,19
608,36,130,123,111
609,36,221,220,203
610,36,173,168,154
611,36,39,25,19
612,36,37,24,21
613,36,71,79,116
614,36,70,77,124
615,36,69,74,118
616,36,70,73,116
617,36,69,75,120
618,36,67,75,122
619,36,58,59,89
620,36,36,23,17
621,36,50,37,31
622,36,210,208,192
623,36,223,222,205
624,36,91,81,72
625,36,37,23,17
626,36,53,49,65
627,36,70,78,116
628,36,72,79,118
629,36,72,79,119
630,36,69,74,109
631,36,55,52,71
632,36,44,35,40
633,36,38,26,24
634,36,36,22,17
635,36,48,35,28
636,36,106,97,87
637,36,189,185,170
638,36,211,209,193
639,36,154,148,135
640,36,45,32,25
641,36,37,24,19
642,36,63,66,83
643,36,76,88,116
644,36,77,91,121
645,36,80,90,121
646,36,83,89,122
647,36,83,89,122
648,36,83,89,122
649,36,82,88,123
571,37,56,73,107
572,37,56,73,108
573,37,58,75,109
574,37,61,79,113
575,37,60,77,113
576,37,57,73,107
577,37,59,77,112
578,37,67,80,108
579,37,77,89,115
580,37,75,87,123
581,37,68,79,122
582,37,62,73,117
583,37,61,70,113
584,37,60,70,113
585,37,60,70,113
586,37,61,70,112
587,37,57,63,98
588,37,41,33,38
589,37,51,38,31
590,37,139,132,120
591,37,209,207,191
592,37,178,174,160
593,37,131,124,112
594,37,106,96,86
595,37,107,98,87
596,37,131,124,112
597,37,176,172,158
598,37,210,208,192
599,37,180,176,162
600,37,100,90,80
601,37,39,26,22
602,37,49,42,49
603,37,79,84,125
604,37,80,86,128
605,37,68,73,105
606,37,44,36,40
607,37,59,47,40
608,37,148,142,130
609,37,223,222,205
610,37,174,170,156
611,37,43,29,23
612,37,37,24,20
613,37,77,83,113
614,37,71,81,121
615,37,68,77,122
616,37,68,76,122
617,37,68,76,123
618,37,65,71,114
619,37,53,51,74
620,37,42,28,22
621,37,83,72,63
622,37,214,212,196
623,37,223,222,205
624,37,95,85,75
625,37,39,25,19
626,37,51,47,63
627,37,69,76,114
628,37,70,78,117
629,37,67,72,105
630,37,45,37,44
631,37,39,26,25
632,37,36,23,18
633,37,49,36,30
634,37,95,85,76
635,37,157,151,138
636,37,202,199,184
637,37,206,204,188
638,37,159,154,141
639,37,60,48,40
640,37,36,22,16
641,37,52,49,59
642,37,71,80,106
643,37,78,91,121
644,37,80,90,121
645,37,83,89,122
646,37,83,89,122
647,37,83,89,122
648,37,82,88,123
649,37,83,89,122
571,38,60,76,111
572,38,60,76,111
573,38,61,77,112
574,38,59,78,111
575,38,56,78,107
576,38,62,78,114
577,38,73,87,111
578,38,67,82,113
579,38,65,86,116
580,38,68,87,121
581,38,67,80,122
582,38,62,74,117
583,38,61,71,113
584,38,61,71,113
585,38,61,71,113
586,38,61,70,113
587,38,60,68,108
588,38,43,37,47
589,38,40,26,22
590,38,97,87,77
591,38,178,174,159
592,38,215,213,197
593,38,203,201,185
594,38,194,191,176
595,38,195,192,176
596,38,203,201,185
597,38,207,205,189
598,38,168,163,149
599,38,101,91,81
600,38,50,37,30
601,38,43,34,35
602,38,65,67,90
603,38,79,88,127
604,38,79,88,127
605,38,71,77,109
606,38,46,37,42
607,38,43,30,23
608,38,101,92,82
609,38,181,177,162
610,38,173,169,155
611,38,42,29,22
612,38,37,24,20
613,38,79,84,116
614,38,74,82,123
615,38,71,79,122
616,38,71,79,123
617,38,70,77,124
618,38,66,72,116
619,38,55,54,78
620,38,37,23,18
621,38,54,41,34
622,38,149,143,130
623,38,210,208,192
624,38,94,84,74
625,38,38,25,18
626,38,52,47,64
627,38,72,78,116
628,38,70,79,116
629,38,66,67,99
630,38,36,23,19
631,38,36,22,16
632,38,106,97,86
633,38,160,155,142
634,38,190,187,172
635,38,208,206,189
636,38,192,189,174
637,38,133,126,114
638,38,68,56,48
639,38,38,24,19
640,38,47,39,44
641,38,70,76,101
642,38,78,88,121
643,38,79,90,123
644,38,79,89,123
645,38,79,88,121
646,38,78,87,118
647,38,78,87,118
648,38,81,88,121
649,38,85,88,123
571,39,61,80,113
572,39,61,77,112
573,39,61,77,112
574,39,61,78,112
575,39,61,80,112
576,39,73,86,113
577,39,70,85,114
578,39,62,85,116
579,39,62,91,121
580,39,67,89,124
581,39,67,82,122
582,39,62,74,117
583,39,61,71,113
584,39,61,71,113
585,39,61,71,113
586,39,60,70,113
587,39,62,72,115
588,39,53,53,76
589,39,41,31,34
590,39,52,40,33
591,39,88,78,69
592,39,125,117,106
593,39,150,144,131
594,39,156,151,138
595,39,151,145,132
596,39,135,128,116
597,39,111,102,92
598,39,79,69,60
599,39,50,37,31
600,39,42,32,34
601,39,59,59,76
602,39,75,83,119
603,39,79,88,126
604,39,82,90,129
605,39,77,85,121
606,39,60,58,75
607,39,42,31,32
608,39,54,41,34
609,39,93,83,73
610,39,102,93,83
611,39,38,25,19
612,39,39,27,25
613,39,78,84,120
614,39,74,82,123
615,39,76,84,125
616,39,76,86,127
617,39,71,82,127
618,39,67,75,122
619,39,62,65,99
620,39,45,37,46
621,39,37,23,17
622,39,70,58,50
623,39,117,109,98
624,39,63,51,43
625,39,37,23,18
626,39,54,51,68
627,39,74,80,119
628,39,71,80,116
629,39,66,68,101
630,39,40,30,30
631,39,35,22,17
632,39,76,65,57
633,39,124,116,105
634,39,139,133,120
635,39,125,117,106
636,39,95,85,76
637,39,62,50,42
638,39,38,25,22
639,39,48,42,50
640,39,66,70,91
641,39,76,86,121
642,39,79,89,124
643,39,79,89,124
644,39,79,89,124
645,39,78,88,122
646,39,76,86,119
647,39,76,86,117
648,39,80,88,120
649,39,85,88,124
571,40,59,86,116
572,40,60,83,115
573,40,60,83,115
574,40,63,84,115
575,40,73,86,113
576,40,79,91,110
577,40,62,84,116
578,40,62,91,121
579,40,65,96,126
580,40,68,91,125
581,40,67,83,121
582,40,64,76,117
583,40,61,72,114
584,40,61,71,113
585,40,61,71,113
586,40,62,71,115
587,40,66,76,119
588,40,64,71,109
589,40,54,52,74
590,40,44,35,41
591,40,40,28,24
592,40,50,37,30
593,40,69,57,49
594,40,74,63,55
595,40,70,58,50
596,40,57,45,37
597,40,41,29,22
598,40,40,28,27
599,40,48,41,49
600,40,60,60,81
601,40,73,80,113
602,40,80,91,127
603,40,79,88,126
604,40,82,89,128
605,40,82,89,128
606,40,77,80,112
607,40,62,58,77
608,40,45,35,39
609,40,42,29,24
610,40,46,33,26
611,40,38,25,21
612,40,53,45,55
613,40,77,85,121
614,40,74,81,123
615,40,76,88,128
616,40,77,91,131
617,40,74,85,128
618,40,71,78,124
619,40,66,73,117
620,40,60,60,90
621,40,47,40,52
622,40,37,25,22
623,40,48,34,29
624,40,39,26,19
625,40,42,32,34
626,40,58,59,82
627,40,73,79,119
628,40,72,80,119
629,40,69,74,110
630,40,57,56,75
631,40,42,33,36
632,40,38,26,20
633,40,54,42,35
634,40,61,48,41
635,40,50,37,30
636,40,39,27,22
637,40,43,33,36
638,40,52,47,62
639,40,66,69,98
640,40,77,86,116
641,40,79,89,123
642,40,78,89,124
643,40,78,88,123
644,40,78,89,124
645,40,78,88,122
646,40,76,86,120
647,40,77,87,120
648,40,82,88,121
649,40,83,88,122
571,41,56,87,112
572,41,57,88,115
573,41,62,89,116
574,41,71,91,114
575,41,78,91,110
576,41,71,89,112
577,41,60,88,115
578,41,67,99,130
579,41,67,95,125
580,41,68,89,123
581,41,68,85,122
582,41,66,80,118
583,41,62,74,113
584,41,61,71,113
585,41,62,73,116
586,41,65,75,118
587,41,68,79,123
588,41,68,79,124
589,41,66,73,112
590,41,61,62,88
591,41,54,50,64
592,41,48,41,48
593,41,45,37,41
594,41,45,36,40
595,41,47,38,43
596,41,48,40,47
597,41,51,45,56
598,41,57,56,73
599,41,67,71,99
600,41,75,84,120
601,41,79,89,127
602,41,80,91,128
603,41,81,89,128
604,41,81,89,128
605,41,84,91,130
606,41,85,91,131
607,41,80,84,120
608,41,66,65,88
609,41,53,47,58
610,41,50,42,49
611,41,55,48,60
612,41,74,74,101
613,41,78,87,125
614,41,76,85,125
615,41,79,89,130
616,41,80,92,133
617,41,78,86,127
618,41,73,80,124
619,41,68,76,123
620,41,69,74,116
621,41,64,68,101
622,41,51,48,63
623,41,46,38,47
624,41,47,40,48
625,41,56,56,74
626,41,67,71,105
627,41,73,78,119
628,41,73,81,119
629,41,73,81,119
630,41,71,78,115
631,41,59,58,82
632,41,50,44,57
633,41,46,38,46
634,41,45,37,44
635,41,47,40,48
636,41,52,46,60
637,41,59,58,82
638,41,69,73,108
639,41,76,83,119
640,41,77,87,121
641,41,79,90,123
642,41,78,90,122
643,41,78,89,123
644,41,78,89,123
645,41,77,89,121
646,41,77,87,120
647,41,78,88,123
648,41,83,88,122
649,41,80,88,120
571,42,53,85,106
572,42,56,88,112
573,42,67,90,115
574,42,79,91,112
575,42,71,90,112
576,42,59,88,115
577,42,61,90,118
578,42,71,104,136
579,42,70,90,122
580,42,69,85,120
581,42,70,86,124
582,42,68,84,120
583,42,65,78,114
584,42,63,75,115
585,42,65,79,121
586,42,68,79,123
587,42,68,79,124
588,42,69,80,125
589,42,71,82,123
590,42,76,86,124
591,42,77,86,120
592,42,70,77,106
593,42,64,69,92
594,42,68,68,93
595,42,72,72,99
596,42,75,76,108
597,42,77,84,119
598,42,77,87,126
599,42,79,89,127
600,42,79,89,127
601,42,78,88,127
602,42,79,89,127
603,42,85,91,131
604,42,85,91,131
605,42,83,91,130
606,42,84,91,130
607,42,85,91,131
608,42,84,90,129
609,42,80,84,119
610,42,75,79,110
611,42,78,83,118
612,42,85,91,130
613,42,80,89,127
614,42,81,89,128
615,42,85,91,131
616,42,86,91,132
617,42,82,86,127
618,42,73,80,124
619,42,69,77,124
620,42,71,79,120
621,42,74,84,123
622,42,69,75,116
623,42,66,69,103
624,42,68,74,108
625,42,73,80,118
626,42,76,81,122
627,42,74,81,121
628,42,73,81,119
629,42,73,81,120
630,42,70,81,117
631,42,74,80,123
632,42,71,77,115
633,42,67,69,101
634,42,64,68,95
635,42,67,73,105
636,42,72,78,117
637,42,74,80,122
638,42,75,81,121
639,42,77,85,118
640,42,77,87,124
641,42,77,87,126
642,42,78,90,123
643,42,78,91,122
644,42,78,91,122
645,42,78,91,122
646,42,77,88,123
647,42,78,88,123
648,42,82,88,121
649,42,80,88,120
